pais,continente,poblacion,casos_totales,casos_hoy,muertes_totales,muertes_hoy,recuperados,activos,criticos,casos_por_millon,muertes_por_millon,pruebas_totales,pruebas_por_millon,actualizado_unix,iso3,fecha_actualizacion,tasa_mortalidad_pct,nivel_riesgo,anio_actualizacion,mes_actualizacion
Denmark,Europe,5834950,3183756,0,8814,0,3174942,0,0,545636,1511,129333107,22165247,1783294046591,DNK,2026-07-05 23:27:26.591,0.28,Bajo,2026,7
Singapore,Asia,5943546,3006155,0,2024,0,3004131,0,4,505785,341,24756666,4165302,1783294046592,SGP,2026-07-05 23:27:26.592,0.07,Bajo,2026,7
Hong Kong,Asia,7604299,2937609,0,14924,0,2916005,6680,0,386309,1963,76127725,10011143,1783294046593,HKG,2026-07-05 23:27:26.593,0.51,Bajo,2026,7
Sweden,Europe,10218971,2754129,0,27407,0,2726492,230,0,269511,2682,19500873,1908301,1783294046594,SWE,2026-07-05 23:27:26.594,1.0,Medio,2026,7
New Zealand,Australia-Oceania,4898203,2621111,0,5697,0,2613791,1623,0,535117,1163,7768604,1586011,1783294046595,NZL,2026-07-05 23:27:26.595,0.22,Bajo,2026,7
Serbia,Europe,8653016,2615054,0,18057,0,2596608,389,0,302213,2087,13463733,1555958,1783294046596,SRB,2026-07-05 23:27:26.596,0.69,Bajo,2026,7
Iraq,Asia,42164965,2465545,0,25375,0,2439497,673,0,58474,602,19544451,463523,1783294046597,IRQ,2026-07-05 23:27:26.597,1.03,Medio,2026,7
Hungary,Europe,9606259,2230232,0,49048,0,2152155,29029,0,232164,5106,11394556,1186160,1783294046599,HUN,2026-07-05 23:27:26.599,2.2,Medio,2026,7
Bangladesh,Asia,167885689,2049377,0,29493,0,0,2019884,0,12207,176,15254399,90862,1783294046600,BGD,2026-07-05 23:27:26.600,1.44,Medio,2026,7
Slovakia,Europe,5460193,1877605,0,21224,0,1856381,0,23,343872,3887,7448789,1364199,1783294046601,SVK,2026-07-05 23:27:26.601,1.13,Medio,2026,7
Georgia,Asia,3968738,1861665,0,17132,0,0,1844533,0,469082,4317,16920079,4263340,1783294046603,GEO,2026-07-05 23:27:26.603,0.92,Bajo,2026,7
Jordan,Asia,10300869,1746997,0,14122,0,1731007,1868,59,169597,1371,17201885,1669945,1783294046604,JOR,2026-07-05 23:27:26.604,0.81,Bajo,2026,7
Ireland,Europe,5020199,1734582,0,9491,0,1724921,170,19,345521,1891,13083449,2606161,1783294046605,IRL,2026-07-05 23:27:26.605,0.55,Bajo,2026,7
Pakistan,Asia,229488994,1581936,0,30664,0,1538689,12583,0,6893,134,30589153,133292,1783294046606,PAK,2026-07-05 23:27:26.606,1.94,Medio,2026,7
Finland,Europe,5554960,1516117,0,11958,0,1503989,170,0,272930,2153,12108977,2179850,1783294046607,FIN,2026-07-05 23:27:26.607,0.79,Bajo,2026,7
Norway,Europe,5511370,1509732,0,6638,0,1503094,0,0,273930,1204,11002430,1996315,1783294046609,NOR,2026-07-05 23:27:26.609,0.44,Bajo,2026,7
Kazakhstan,Asia,19205043,1411831,0,13848,0,1383020,14963,24,73514,721,11575012,602707,1783294046610,KAZ,2026-07-05 23:27:26.610,0.98,Bajo,2026,7
Lithuania,Europe,2661708,1397806,0,9897,0,1387478,431,0,525154,3718,10540357,3959997,1783294046611,LTU,2026-07-05 23:27:26.611,0.71,Bajo,2026,7
Slovenia,Europe,2078034,1356546,0,7100,0,1349424,22,0,652803,3417,2847701,1370382,1783294046612,SVN,2026-07-05 23:27:26.612,0.52,Bajo,2026,7
Bulgaria,Europe,6844597,1339851,0,38748,0,1292944,8159,22,195753,5661,11671043,1705147,1783294046613,BGR,2026-07-05 23:27:26.613,2.89,Medio,2026,7
Croatia,Europe,4059286,1309728,0,18687,0,1258432,32609,0,322650,4604,5660084,1394355,1783294046614,HRV,2026-07-05 23:27:26.614,1.43,Medio,2026,7
Guatemala,North America,18584039,1291293,0,20289,0,1269891,1113,5,69484,1092,7593848,408622,1783294046616,GTM,2026-07-05 23:27:26.616,1.57,Medio,2026,7
Morocco,Africa,37772756,1278992,0,16303,0,0,1262689,0,33860,432,13001033,344191,1783294046617,MAR,2026-07-05 23:27:26.617,1.27,Medio,2026,7
Lebanon,Asia,6684849,1243838,0,10952,0,1087587,145299,74,186068,1638,4795578,717380,1783294046618,LBN,2026-07-05 23:27:26.618,0.88,Bajo,2026,7
Costa Rica,North America,5182354,1238883,0,9428,0,0,1229455,0,239058,1819,4659757,899158,1783294046619,CRI,2026-07-05 23:27:26.619,0.76,Bajo,2026,7
Bolivia,South America,11992656,1212131,0,22407,0,1177145,12579,220,101073,1868,2710261,225993,1783294046620,BOL,2026-07-05 23:27:26.620,1.85,Medio,2026,7
Tunisia,Africa,12046656,1153361,0,29423,0,0,1123938,0,95741,2442,5013383,416164,1783294046622,TUN,2026-07-05 23:27:26.622,2.55,Medio,2026,7
Cuba,North America,11305652,1115251,0,8530,0,1106660,61,0,98645,754,14402674,1273936,1783294046623,CUB,2026-07-05 23:27:26.623,0.76,Bajo,2026,7
Ecuador,South America,18113361,1070188,0,36043,0,1034145,0,0,59083,1990,3082403,170173,1783294046624,ECU,2026-07-05 23:27:26.624,3.37,Alto,2026,7
UAE,Asia,10081785,1067030,0,2349,0,0,1064681,0,105837,233,200732262,19910389,1783294046625,ARE,2026-07-05 23:27:26.625,0.22,Bajo,2026,7
Panama,North America,4446964,1059893,0,8727,0,1051102,64,16,238341,1962,7882622,1772585,1783294046627,PAN,2026-07-05 23:27:26.627,0.82,Bajo,2026,7
Uruguay,South America,3496016,1041111,0,7664,0,1030944,2503,18,297799,2192,6114822,1749083,1783294046628,URY,2026-07-05 23:27:26.628,0.74,Bajo,2026,7
Mongolia,Asia,3378078,1011496,0,2284,0,1009212,0,0,299429,676,4030048,1193000,1783294046629,MNG,2026-07-05 23:27:26.629,0.23,Bajo,2026,7
Nepal,Asia,30225582,1003450,0,12031,0,991322,97,0,33199,398,6047766,200088,1783294046630,NPL,2026-07-05 23:27:26.630,1.2,Medio,2026,7
Belarus,Europe,9432800,994037,0,7118,0,985592,1327,0,105381,755,13646641,1446722,1783294046631,BLR,2026-07-05 23:27:26.631,0.72,Bajo,2026,7
Latvia,Europe,1848837,982505,0,6715,0,971406,4384,0,531418,3632,7885792,4265272,1783294046633,LVA,2026-07-05 23:27:26.633,0.68,Bajo,2026,7
Saudi Arabia,Asia,35844909,841469,0,9646,0,0,831823,0,23475,269,45481735,1268848,1783294046634,SAU,2026-07-05 23:27:26.634,1.15,Medio,2026,7
Paraguay,South America,7305843,837602,0,20155,0,0,817447,0,114648,2759,2657506,363751,1783294046635,PRY,2026-07-05 23:27:26.635,2.41,Medio,2026,7
Azerbaijan,Asia,10300205,835234,0,10400,0,824089,745,0,81089,1010,7748050,752223,1783294046638,AZE,2026-07-05 23:27:26.638,1.25,Medio,2026,7
Bahrain,Asia,1783983,729549,0,1574,0,727915,60,0,408944,882,10948549,6137138,1783294046639,BHR,2026-07-05 23:27:26.639,0.22,Bajo,2026,7
Cyprus,Asia,1223387,681110,0,1365,0,679745,0,0,556741,1116,9640118,7879860,1783294046640,CYP,2026-07-05 23:27:26.640,0.2,Bajo,2026,7
Dominican Republic,North America,11056370,675890,0,4384,0,671316,190,4,61131,397,3740928,338350,1783294046640,DOM,2026-07-05 23:27:26.640,0.65,Bajo,2026,7
Sri Lanka,Asia,21575842,672754,0,16897,0,655852,5,0,31181,783,6486117,300619,1783294046641,LKA,2026-07-05 23:27:26.641,2.51,Medio,2026,7
Kuwait,Asia,4380326,667158,0,2570,0,0,664588,0,152308,587,8455743,1930391,1783294046642,KWT,2026-07-05 23:27:26.642,0.39,Bajo,2026,7
Myanmar,Asia,55227143,641873,0,19495,0,620159,2219,0,11622,353,11711514,212061,1783294046643,MMR,2026-07-05 23:27:26.643,3.04,Alto,2026,7
Moldova,Europe,4013171,635145,0,12218,0,0,622927,0,158265,3044,3216305,801437,1783294046644,MDA,2026-07-05 23:27:26.644,1.92,Medio,2026,7
Estonia,Europe,1321910,628070,0,3001,0,0,625069,0,475123,2270,6968103,5271239,1783294046645,EST,2026-07-05 23:27:26.645,0.48,Bajo,2026,7
Palestine,Asia,5345541,621008,0,5404,0,615445,159,0,116173,1011,3078533,575907,1783294046646,PSE,2026-07-05 23:27:26.646,0.87,Bajo,2026,7
Venezuela,South America,29266991,552695,0,5856,0,546537,302,31,18885,200,3359014,114771,1783294046647,VEN,2026-07-05 23:27:26.647,1.06,Medio,2026,7
Egypt,Africa,106156692,516023,0,24613,0,442182,49228,122,4861,232,3693367,34792,1783294046648,EGY,2026-07-05 23:27:26.648,4.77,Alto,2026,7
Qatar,Asia,2979915,514524,0,690,0,513687,147,16,172664,232,4065369,1364257,1783294046649,QAT,2026-07-05 23:27:26.649,0.13,Bajo,2026,7
Libyan Arab Jamahiriya,Africa,7040745,507274,0,6437,0,500835,2,0,72048,914,2483848,352782,1783294046650,LBY,2026-07-05 23:27:26.650,1.27,Medio,2026,7
China,Asia,1448471400,503302,0,5272,0,379053,118977,0,347,4,160000000,110461,1783294046794,CHN,2026-07-05 23:27:26.794,1.05,Medio,2026,7
Ethiopia,Africa,120812698,501157,0,7574,0,488171,5412,0,4148,63,5565340,46066,1783294046650,ETH,2026-07-05 23:27:26.650,1.51,Medio,2026,7
Réunion,Africa,908061,494595,0,921,0,0,493674,0,544672,1014,1603660,1766027,1783294046651,REU,2026-07-05 23:27:26.651,0.19,Bajo,2026,7
Honduras,North America,10221247,474590,0,11165,0,0,463425,0,46432,1092,1660662,162472,1783294046652,HND,2026-07-05 23:27:26.652,2.35,Medio,2026,7
Armenia,Asia,2971966,451831,0,8777,0,435162,7892,0,152031,2953,3242901,1091164,1783294046653,ARM,2026-07-05 23:27:26.653,1.94,Medio,2026,7
Bosnia,Europe,3249317,403615,0,16388,0,379084,8143,0,124215,5044,1884721,580036,1783294046654,BIH,2026-07-05 23:27:26.654,4.06,Alto,2026,7
Oman,Asia,5323993,399449,0,4628,0,0,394821,0,75028,869,25000000,4695724,1783294046655,OMN,2026-07-05 23:27:26.655,1.16,Medio,2026,7
Luxembourg,Europe,642371,391232,0,1232,0,0,390000,0,609044,1918,4587145,7140959,1783294046656,LUX,2026-07-05 23:27:26.656,0.31,Bajo,2026,7
Macedonia,Europe,2081304,350567,0,9976,0,337068,3523,0,168436,4793,2226216,1069626,1783294046657,MKD,2026-07-05 23:27:26.657,2.85,Medio,2026,7
Zambia,Africa,19470234,349304,0,4069,0,341316,3919,0,17940,209,4112961,211244,1783294046657,ZMB,2026-07-05 23:27:26.657,1.16,Medio,2026,7
Kenya,Africa,56215221,344130,0,5689,0,337309,1132,0,6122,101,3967062,70569,1783294046658,KEN,2026-07-05 23:27:26.658,1.65,Medio,2026,7
Brunei,Asia,445431,343719,0,225,0,243601,99893,3,771655,505,717784,1611437,1783294046659,BRN,2026-07-05 23:27:26.659,0.07,Bajo,2026,7
Albania,Europe,2866374,334863,0,3605,0,330233,1025,0,116825,1258,1941032,677173,1783294046660,ALB,2026-07-05 23:27:26.660,1.08,Medio,2026,7
Botswana,Africa,2441162,330638,0,2801,0,327049,788,1,135443,1147,2026898,830300,1783294046661,BWA,2026-07-05 23:27:26.661,0.85,Bajo,2026,7
Montenegro,Europe,627950,296542,0,2846,0,291794,1902,0,472238,4532,2769281,4410034,1783294046662,MNE,2026-07-05 23:27:26.662,0.96,Bajo,2026,7
Algeria,Africa,45350148,272010,0,6881,0,183061,82068,0,5998,152,230960,5093,1783294046663,DZA,2026-07-05 23:27:26.663,2.53,Medio,2026,7
Nigeria,Africa,216746934,267188,0,3155,0,259953,4080,11,1233,15,5708974,26339,1783294046664,NGA,2026-07-05 23:27:26.664,1.18,Medio,2026,7
Zimbabwe,Africa,15331428,266359,0,5740,0,258888,1731,12,17373,374,2525756,164744,1783294046665,ZWE,2026-07-05 23:27:26.665,2.15,Medio,2026,7
Uzbekistan,Asia,34382084,253662,0,1637,0,241486,10539,23,7378,48,1377915,40077,1783294046666,UZB,2026-07-05 23:27:26.666,0.65,Bajo,2026,7
Afghanistan,Asia,40754388,234174,0,7996,0,211080,15098,0,5746,196,1390730,34125,1783294046667,AFG,2026-07-05 23:27:26.667,3.41,Alto,2026,7
Mozambique,Africa,33089461,233731,0,2250,0,228805,2676,11,7064,68,1371127,41437,1783294046668,MOZ,2026-07-05 23:27:26.668,0.96,Bajo,2026,7
Martinique,North America,374087,230354,0,1102,0,0,229252,0,615777,2946,828928,2215870,1783294046669,MTQ,2026-07-05 23:27:26.669,0.48,Bajo,2026,7
Lao People's Democratic Republic,Asia,7481023,218970,0,758,0,0,218212,0,29270,101,1233207,164845,1783294046670,LAO,2026-07-05 23:27:26.670,0.35,Bajo,2026,7
Iceland,Europe,345393,209906,0,229,0,0,209677,0,607731,663,1996384,5780036,1783294046672,ISL,2026-07-05 23:27:26.672,0.11,Bajo,2026,7
Kyrgyzstan,Asia,6728271,206897,0,2991,0,196406,7500,131,30750,445,1907195,283460,1783294046673,KGZ,2026-07-05 23:27:26.673,1.45,Medio,2026,7
Guadeloupe,North America,399794,203235,0,1021,0,0,202214,0,508349,2554,938039,2346306,1783294046674,GLP,2026-07-05 23:27:26.674,0.5,Bajo,2026,7
El Salvador,North America,6550389,201855,0,4230,0,179410,18215,0,30816,646,2610114,398467,1783294046675,SLV,2026-07-05 23:27:26.675,2.1,Medio,2026,7
Trinidad and Tobago,North America,1406585,191496,0,4390,0,187078,28,0,136143,3121,913289,649295,1783294046676,TTO,2026-07-05 23:27:26.676,2.29,Medio,2026,7
Maldives,Asia,540985,186694,0,316,0,163687,22691,25,345100,584,2213831,4092223,1783294046677,MDV,2026-07-05 23:27:26.677,0.17,Bajo,2026,7
Namibia,Africa,2633874,172389,0,4106,0,167099,1184,0,65451,1559,1062663,403460,1783294046678,NAM,2026-07-05 23:27:26.678,2.38,Medio,2026,7
Uganda,Africa,48432863,172149,0,3632,0,100431,68086,0,3554,75,3012408,62198,1783294046680,UGA,2026-07-05 23:27:26.680,2.11,Medio,2026,7
Ghana,Africa,32395450,171889,0,1462,0,170425,2,0,5306,45,2541625,78456,1783294046681,GHA,2026-07-05 23:27:26.681,0.85,Bajo,2026,7
Jamaica,North America,2985094,156869,0,3756,0,0,153113,0,52551,1258,1183986,396633,1783294046682,JAM,2026-07-05 23:27:26.682,2.39,Medio,2026,7
Cambodia,Asia,17168639,139103,0,3056,0,136044,3,0,8102,178,3091420,180062,1783294046683,KHM,2026-07-05 23:27:26.683,2.2,Medio,2026,7
Rwanda,Africa,13600464,133518,0,1468,0,132039,11,0,9817,108,6021981,442778,1783294046684,RWA,2026-07-05 23:27:26.684,1.1,Medio,2026,7
Cameroon,Africa,27911548,125379,0,1974,0,123280,125,0,4492,71,1751774,62762,1783294046685,CMR,2026-07-05 23:27:26.685,1.57,Medio,2026,7
Malta,Europe,444033,121420,0,885,0,120149,386,0,273448,1993,2170600,4888375,1783294046686,MLT,2026-07-05 23:27:26.686,0.73,Bajo,2026,7
Barbados,North America,288023,110578,0,648,0,108647,1283,0,383921,2250,814159,2826715,1783294046687,BRB,2026-07-05 23:27:26.687,0.59,Bajo,2026,7
Angola,Africa,35027343,107327,0,1937,0,103419,1971,0,3064,55,1499795,42818,1783294046688,AGO,2026-07-05 23:27:26.688,1.8,Medio,2026,7
Channel Islands,Europe,176463,101717,0,228,0,101321,168,0,576421,1292,1252808,7099551,1783294046689,JEY,2026-07-05 23:27:26.689,0.22,Bajo,2026,7
DRC,Africa,95240792,99338,0,1468,0,84489,13381,0,1043,15,846704,8890,1783294046691,COD,2026-07-05 23:27:26.691,1.48,Medio,2026,7
French Guiana,South America,314169,98041,0,420,0,11254,86367,6,312065,1337,651257,2072951,1783294046692,GUF,2026-07-05 23:27:26.692,0.43,Bajo,2026,7
Malawi,Africa,20180839,89535,0,2686,0,0,86849,0,4437,133,624784,30959,1783294046693,MWI,2026-07-05 23:27:26.693,3.0,Alto,2026,7
Senegal,Africa,17653671,89053,0,1971,0,87024,58,0,5044,112,1146543,64946,1783294046694,SEN,2026-07-05 23:27:26.694,2.21,Medio,2026,7
Côte d'Ivoire,Africa,27742298,88384,0,835,0,87497,52,0,3186,30,1690934,60951,1783294046695,CIV,2026-07-05 23:27:26.695,0.94,Bajo,2026,7
Suriname,South America,596831,82588,0,1408,0,0,81180,0,138378,2359,242207,405822,1783294046696,SUR,2026-07-05 23:27:26.696,1.7,Medio,2026,7
New Caledonia,Australia-Oceania,290915,80064,0,314,0,0,79750,0,275214,1079,98964,340182,1783294046697,NCL,2026-07-05 23:27:26.697,0.39,Bajo,2026,7
French Polynesia,Australia-Oceania,284164,79254,0,650,0,0,78604,0,278902,2287,0,0,1783294046699,PYF,2026-07-05 23:27:26.699,0.82,Bajo,2026,7
Swaziland,Africa,1184817,75191,0,1427,0,73116,648,0,63462,1204,1048704,885119,1783294046701,SWZ,2026-07-05 23:27:26.701,1.9,Medio,2026,7
Guyana,South America,794045,74137,0,1300,0,72013,824,0,93366,1637,733218,923396,1783294046702,GUY,2026-07-05 23:27:26.702,1.75,Medio,2026,7
Belize,North America,412190,71409,0,688,0,0,70721,0,173243,1669,576016,1397453,1783294046703,BLZ,2026-07-05 23:27:26.703,0.96,Bajo,2026,7
Fiji,Australia-Oceania,909466,69117,0,885,0,67226,1006,0,75997,973,672883,739866,1783294046704,FJI,2026-07-05 23:27:26.704,1.28,Medio,2026,7
Madagascar,Africa,29178077,68486,0,1426,0,66862,198,0,2347,49,531329,18210,1783294046705,MDG,2026-07-05 23:27:26.705,2.08,Medio,2026,7
Cabo Verde,Africa,567678,64477,0,417,0,63755,305,23,113580,735,401622,707482,1783294046706,CPV,2026-07-05 23:27:26.706,0.65,Bajo,2026,7
Sudan,Africa,45992020,63993,0,5046,0,58947,0,0,1391,110,562941,12240,1783294046707,SDN,2026-07-05 23:27:26.707,7.89,Alto,2026,7
Mauritania,Africa,4901981,63848,0,997,0,62471,380,0,13025,203,1009957,206030,1783294046708,MRT,2026-07-05 23:27:26.708,1.56,Medio,2026,7
Bhutan,Asia,787941,62697,0,21,0,61564,1112,0,79571,27,2303734,2923739,1783294046709,BTN,2026-07-05 23:27:26.709,0.03,Bajo,2026,7
Syrian Arab Republic,Asia,19364809,57743,0,3165,0,54578,0,0,2982,163,146269,7553,1783294046710,SYR,2026-07-05 23:27:26.710,5.48,Alto,2026,7
Burundi,Africa,12624840,54721,0,38,0,53569,1114,0,4334,3,345742,27386,1783294046711,BDI,2026-07-05 23:27:26.711,0.07,Bajo,2026,7
Seychelles,Africa,99426,51220,0,172,0,51048,0,0,515157,1730,0,0,1783294046711,SYC,2026-07-05 23:27:26.711,0.34,Bajo,2026,7
Gabon,Africa,2331533,49051,0,307,0,48674,70,0,21038,132,1621909,695641,1783294046712,GAB,2026-07-05 23:27:26.712,0.63,Bajo,2026,7
Andorra,Europe,77463,48015,0,165,0,0,47850,0,619844,2130,249838,3225256,1783294046713,AND,2026-07-05 23:27:26.713,0.34,Bajo,2026,7
Papua New Guinea,Australia-Oceania,9292169,46864,0,670,0,46168,26,0,5043,72,249149,26813,1783294046714,PNG,2026-07-05 23:27:26.714,1.43,Medio,2026,7
Curaçao,North America,165529,45986,0,295,0,44720,971,3,277812,1782,496693,3000640,1783294046715,CUW,2026-07-05 23:27:26.715,0.64,Bajo,2026,7
Aruba,North America,107609,44224,0,292,0,42438,1494,2,410969,2714,177885,1653068,1783294046716,ABW,2026-07-05 23:27:26.716,0.66,Bajo,2026,7
Tanzania,Africa,63298550,43223,0,846,0,0,42377,0,683,13,0,0,1783294046717,TZA,2026-07-05 23:27:26.717,1.96,Medio,2026,7
Mauritius,Africa,1274727,43025,0,1051,0,41278,696,0,33752,824,358675,281374,1783294046718,MUS,2026-07-05 23:27:26.718,2.44,Medio,2026,7
Mayotte,Africa,286259,42027,0,188,0,0,41839,0,146815,657,176919,618038,1783294046718,MYT,2026-07-05 23:27:26.718,0.45,Bajo,2026,7
Togo,Africa,8680837,39572,0,290,0,39281,1,0,4559,33,815204,93908,1783294046719,TGO,2026-07-05 23:27:26.719,0.73,Bajo,2026,7
Guinea,Africa,13865691,38572,0,468,0,37757,347,0,2782,34,660107,47607,1783294046720,GIN,2026-07-05 23:27:26.720,1.21,Medio,2026,7
Bahamas,North America,400516,38084,0,844,0,36366,874,1,95087,2107,257839,643767,1783294046721,BHS,2026-07-05 23:27:26.721,2.22,Medio,2026,7
Isle of Man,Europe,85732,38008,0,116,0,0,37892,0,443335,1353,150753,1758422,1783294046722,IMN,2026-07-05 23:27:26.722,0.31,Bajo,2026,7
Lesotho,Africa,2175699,36138,0,723,0,25980,9435,0,16610,332,431221,198199,1783294046723,LSO,2026-07-05 23:27:26.723,2.0,Medio,2026,7
Haiti,North America,11680283,34667,0,860,0,33734,73,0,2968,74,132422,11337,1783294046724,HTI,2026-07-05 23:27:26.724,2.48,Medio,2026,7
Faroe Islands,Europe,49233,34658,0,28,0,0,34630,0,703959,569,778000,15802409,1783294046725,FRO,2026-07-05 23:27:26.725,0.08,Bajo,2026,7
Mali,Africa,21473764,33164,0,743,0,32332,89,0,1544,35,804909,37483,1783294046726,MLI,2026-07-05 23:27:26.726,2.24,Medio,2026,7
Cayman Islands,North America,67277,31472,0,37,0,8553,22882,1,467797,550,222773,3311280,1783294046727,CYM,2026-07-05 23:27:26.727,0.12,Bajo,2026,7
Saint Lucia,North America,185113,30215,0,410,0,29805,0,0,163225,2215,210983,1139752,1783294046728,LCA,2026-07-05 23:27:26.728,1.36,Medio,2026,7
Benin,Africa,12784726,28036,0,163,0,27847,26,0,2193,13,604310,47268,1783294046729,BEN,2026-07-05 23:27:26.729,0.58,Bajo,2026,7
Macao,Asia,667490,27673,0,123,0,3487,24063,0,41458,184,7850,11760,1783294046730,MAC,2026-07-05 23:27:26.730,0.44,Bajo,2026,7
Somalia,Africa,16841795,27334,0,1361,0,13182,12791,0,1623,81,400466,23778,1783294046730,SOM,2026-07-05 23:27:26.730,4.98,Alto,2026,7
Micronesia,Australia-Oceania,117489,26547,0,65,0,0,26482,0,225953,553,82430,701598,1783294046731,FSM,2026-07-05 23:27:26.731,0.24,Bajo,2026,7
San Marino,Europe,34085,26185,0,128,0,26011,46,0,768226,3755,196855,5775414,1783294046732,SMR,2026-07-05 23:27:26.732,0.49,Bajo,2026,7
Solomon Islands,Australia-Oceania,721159,25954,0,199,0,0,25755,0,35989,276,0,0,1783294046733,SLB,2026-07-05 23:27:26.733,0.77,Bajo,2026,7
Congo,Africa,5797805,25375,0,386,0,24006,983,0,4377,67,347815,59991,1783294046734,COG,2026-07-05 23:27:26.734,1.52,Medio,2026,7
Timor-Leste,Asia,1369429,23460,0,138,0,23102,220,0,17131,101,278529,203391,1783294046735,TLS,2026-07-05 23:27:26.735,0.59,Bajo,2026,7
Burkina Faso,Africa,22102838,22114,0,400,0,21596,118,0,1001,18,248995,11265,1783294046736,BFA,2026-07-05 23:27:26.736,1.81,Medio,2026,7
Liechtenstein,Europe,38387,21574,0,94,0,0,21480,0,562013,2449,112457,2929559,1783294046737,LIE,2026-07-05 23:27:26.737,0.44,Bajo,2026,7
Gibraltar,Europe,33704,20550,0,113,0,0,20437,0,609720,3353,534283,15852213,1783294046737,GIB,2026-07-05 23:27:26.737,0.55,Bajo,2026,7
Grenada,North America,113475,19693,0,238,0,19358,97,4,173545,2097,182981,1612523,1783294046738,GRD,2026-07-05 23:27:26.738,1.21,Medio,2026,7
Bermuda,North America,61939,18860,0,165,0,18685,10,0,304493,2664,1029558,16622128,1783294046739,BMU,2026-07-05 23:27:26.739,0.87,Bajo,2026,7
South Sudan,Africa,11618511,18819,0,147,0,18115,557,1,1620,13,410280,35313,1783294046740,SSD,2026-07-05 23:27:26.740,0.78,Bajo,2026,7
Nicaragua,North America,6779100,18491,0,225,0,4225,14041,0,2728,33,0,0,1783294046741,NIC,2026-07-05 23:27:26.741,1.22,Medio,2026,7
Tajikistan,Asia,9957464,17786,0,125,0,17264,397,0,1786,13,0,0,1783294046742,TJK,2026-07-05 23:27:26.742,0.7,Bajo,2026,7
Equatorial Guinea,Africa,1496662,17229,0,183,0,16907,139,5,11512,122,365697,244342,1783294046743,GNQ,2026-07-05 23:27:26.743,1.06,Medio,2026,7
Monaco,Europe,39783,17181,0,67,0,0,17114,0,431868,1684,78646,1976875,1783294046744,MCO,2026-07-05 23:27:26.744,0.39,Bajo,2026,7
Samoa,Australia-Oceania,202239,17006,0,31,0,1605,15370,0,84089,153,187397,926612,1783294046745,WSM,2026-07-05 23:27:26.745,0.18,Bajo,2026,7
Tonga,Australia-Oceania,107749,16950,0,13,0,15638,1299,0,157310,121,535009,4965327,1783294046746,TON,2026-07-05 23:27:26.746,0.08,Bajo,2026,7
Marshall Islands,Australia-Oceania,60057,16138,0,17,0,16121,0,0,268711,283,0,0,1783294046747,MHL,2026-07-05 23:27:26.747,0.11,Bajo,2026,7
Dominica,North America,72344,16038,0,74,0,15964,0,0,221691,1023,229344,3170187,1783294046748,DMA,2026-07-05 23:27:26.748,0.46,Bajo,2026,7
Djibouti,Africa,1016097,15690,0,189,0,15427,74,0,15441,186,305941,301094,1783294046749,DJI,2026-07-05 23:27:26.749,1.2,Medio,2026,7
Central African Republic,Africa,5016678,15440,0,113,0,15200,127,2,3078,23,81294,16205,1783294046751,CAF,2026-07-05 23:27:26.751,0.73,Bajo,2026,7
Gambia,Africa,2558482,12626,0,372,0,12189,65,0,4935,145,155686,60851,1783294046752,GMB,2026-07-05 23:27:26.752,2.95,Medio,2026,7
Saint Martin,North America,39730,12324,0,63,0,0,12261,0,310194,1586,112382,2828643,1783294046754,MAF,2026-07-05 23:27:26.754,0.51,Bajo,2026,7
Vanuatu,Australia-Oceania,321832,12019,0,14,0,11976,29,0,37346,44,24976,77606,1783294046756,VUT,2026-07-05 23:27:26.756,0.12,Bajo,2026,7
Greenland,North America,56973,11971,0,21,0,2761,9189,4,210117,369,164926,2894810,1783294046758,GRL,2026-07-05 23:27:26.758,0.18,Bajo,2026,7
Yemen,Asia,31154867,11945,0,2159,0,9124,662,0,383,69,329592,10579,1783294046760,YEM,2026-07-05 23:27:26.760,18.07,Alto,2026,7
Caribbean Netherlands,North America,26647,11682,0,38,0,10476,1168,0,438398,1426,30126,1130559,1783294046763,BES,2026-07-05 23:27:26.763,0.33,Bajo,2026,7
Sint Maarten,North America,43966,11051,0,92,0,10905,54,0,251353,2093,62056,1411454,1783294046764,SXM,2026-07-05 23:27:26.764,0.83,Bajo,2026,7
Eritrea,Africa,3662244,10189,0,103,0,10086,0,0,2782,28,23693,6470,1783294046765,ERI,2026-07-05 23:27:26.765,1.01,Medio,2026,7
Niger,Africa,26083660,9931,0,312,0,8890,729,1,381,12,254538,9759,1783294046766,NER,2026-07-05 23:27:26.766,3.14,Alto,2026,7
Saint Vincent and the Grenadines,North America,111551,9674,0,124,0,9493,57,0,86723,1112,114197,1023720,1783294046767,VCT,2026-07-05 23:27:26.767,1.28,Medio,2026,7
Guinea-Bissau,Africa,2063367,9614,0,177,0,8929,508,6,4659,86,145231,70385,1783294046768,GNB,2026-07-05 23:27:26.768,1.84,Medio,2026,7
Comoros,Africa,907419,9109,0,161,0,8939,9,0,10038,177,0,0,1783294046769,COM,2026-07-05 23:27:26.769,1.77,Medio,2026,7
Antigua and Barbuda,North America,99509,9106,0,146,0,8954,6,0,91509,1467,18901,189943,1783294046770,ATG,2026-07-05 23:27:26.770,1.6,Medio,2026,7
Liberia,Africa,5305117,8090,0,295,0,7783,12,2,1525,56,139824,26356,1783294046771,LBR,2026-07-05 23:27:26.771,3.65,Alto,2026,7
Sierra Leone,Africa,8306436,7779,0,126,0,0,7653,0,937,15,259958,31296,1783294046772,SLE,2026-07-05 23:27:26.772,1.62,Medio,2026,7
Chad,Africa,17413580,7701,0,194,0,4874,2633,0,442,11,191341,10988,1783294046773,TCD,2026-07-05 23:27:26.773,2.52,Medio,2026,7
British Virgin Islands,North America,30596,7392,0,64,0,0,7328,0,241600,2092,107339,3508269,1783294046774,VGB,2026-07-05 23:27:26.774,0.87,Bajo,2026,7
Cook Islands,Australia-Oceania,17571,7203,0,2,0,7150,51,0,409937,114,19690,1120596,1783294046775,COK,2026-07-05 23:27:26.775,0.03,Bajo,2026,7
Sao Tome and Principe,Africa,227679,6778,0,80,0,6685,13,0,29770,351,29600,130008,1783294046775,STP,2026-07-05 23:27:26.775,1.18,Medio,2026,7
Turks and Caicos Islands,North America,39741,6752,0,40,0,6709,3,4,169900,1007,616788,15520193,1783294046776,TCA,2026-07-05 23:27:26.776,0.59,Bajo,2026,7
Saint Kitts and Nevis,North America,53871,6607,0,48,0,6559,0,0,122645,891,126958,2356704,1783294046777,KNA,2026-07-05 23:27:26.777,0.73,Bajo,2026,7
Palau,Australia-Oceania,18233,6290,0,10,0,6276,4,0,344979,548,71434,3917841,1783294046778,PLW,2026-07-05 23:27:26.778,0.16,Bajo,2026,7
St. Barth,North America,9945,5507,0,6,0,0,5501,0,553746,603,78646,7908095,1783294046779,BLM,2026-07-05 23:27:26.779,0.11,Bajo,2026,7
Nauru,Australia-Oceania,10903,5393,0,1,0,5347,45,0,494635,92,20509,1881042,1783294046780,NRU,2026-07-05 23:27:26.780,0.02,Bajo,2026,7
Kiribati,Australia-Oceania,123419,5085,0,24,0,2703,2358,3,41201,194,0,0,1783294046781,KIR,2026-07-05 23:27:26.781,0.47,Bajo,2026,7
Anguilla,North America,15230,3904,0,12,0,0,3892,0,256336,788,51382,3373736,1783294046782,AIA,2026-07-05 23:27:26.782,0.31,Bajo,2026,7
Wallis and Futuna,Australia-Oceania,10982,3550,0,8,0,438,3104,0,323256,728,20508,1867419,1783294046783,WLF,2026-07-05 23:27:26.783,0.23,Bajo,2026,7
Saint Pierre Miquelon,North America,5759,3452,0,2,0,2449,1001,0,599410,347,25400,4410488,1783294046783,SPM,2026-07-05 23:27:26.783,0.06,Bajo,2026,7
Tuvalu,Australia-Oceania,12066,2943,0,1,0,0,2942,0,243909,83,0,0,1783294046784,TUV,2026-07-05 23:27:26.784,0.03,Bajo,2026,7
Saint Helena,Africa,6115,2166,0,0,0,2,2164,0,354211,0,0,0,1783294046785,SHN,2026-07-05 23:27:26.785,0.0,Bajo,2026,7
Falkland Islands (Malvinas),South America,3539,1930,0,0,0,1930,0,0,545352,0,8632,2439107,1783294046786,FLK,2026-07-05 23:27:26.786,0.0,Bajo,2026,7
Montserrat,North America,4965,1403,0,8,0,1376,19,0,282578,1611,17762,3577442,1783294046787,MSR,2026-07-05 23:27:26.787,0.57,Bajo,2026,7
Niue,Australia-Oceania,1622,1059,0,0,0,1056,3,0,652898,0,0,0,1783294046788,NIU,2026-07-05 23:27:26.788,0.0,Bajo,2026,7
Diamond Princess,,0,712,0,13,0,699,0,0,0,0,0,0,1783294046789,,2026-07-05 23:27:26.789,1.83,Medio,2026,7
Tokelau,Australia-Oceania,1378,80,0,0,0,0,80,0,58055,0,0,0,1783294046790,TKL,2026-07-05 23:27:26.790,0.0,Bajo,2026,7
Holy See (Vatican City State),Europe,799,29,0,0,0,29,0,0,36295,0,0,0,1783294046791,VAT,2026-07-05 23:27:26.791,0.0,Bajo,2026,7
Western Sahara,Africa,626161,10,0,1,0,9,0,0,16,2,0,0,1783294046792,ESH,2026-07-05 23:27:26.792,10.0,Alto,2026,7
MS Zaandam,,0,9,0,2,0,7,0,0,0,0,0,0,1783294046793,,2026-07-05 23:27:26.793,22.22,Alto,2026,7
